[{"model": "admin.logentry", "pk": 1, "fields": {"action_time": "2025-08-11T10:51:59.687Z", "user": 1, "content_type": 18, "object_id": "1", "object_repr": "1-Layer Lilac & Gold", "action_flag": 1, "change_message": "[{\"added\": {}}]"}}, {"model": "admin.logentry", "pk": 2, "fields": {"action_time": "2025-08-11T11:23:00.105Z", "user": 1, "content_type": 18, "object_id": "2", "object_repr": "1-Layer Vanilla Roses", "action_flag": 1, "change_message": "[{\"added\": {}}]"}}, {"model": "admin.logentry", "pk": 3, "fields": {"action_time": "2025-08-11T11:23:52.493Z", "user": 1, "content_type": 19, "object_id": "1", "object_repr": "1-Layer Lilac & Gold Image", "action_flag": 1, "change_message": "[{\"added\": {}}]"}}, {"model": "admin.logentry", "pk": 4, "fields": {"action_time": "2025-08-11T11:24:22.855Z", "user": 1, "content_type": 19, "object_id": "2", "object_repr": "1-Layer Vanilla Roses Image", "action_flag": 1, "change_message": "[{\"added\": {}}]"}}, {"model": "admin.logentry", "pk": 5, "fields": {"action_time": "2025-08-11T11:26:29.729Z", "user": 1, "content_type": 18, "object_id": "3", "object_repr": "2-Layer Lilac & Gold", "action_flag": 1, "change_message": "[{\"added\": {}}]"}}, {"model": "admin.logentry", "pk": 6, "fields": {"action_time": "2025-08-11T11:29:15.410Z", "user": 1, "content_type": 18, "object_id": "4", "object_repr": "2-Layer Magnolias", "action_flag": 1, "change_message": "[{\"added\": {}}]"}}, {"model": "admin.logentry", "pk": 7, "fields": {"action_time": "2025-08-11T15:37:27.837Z", "user": 1, "content_type": 18, "object_id": "2", "object_repr": "1-Layer Vanilla Roses", "action_flag": 3, "change_message": ""}}, {"model": "admin.logentry", "pk": 8, "fields": {"action_time": "2025-08-11T15:37:44.627Z", "user": 1, "content_type": 18, "object_id": "4", "object_repr": "2-Layer Magnolias", "action_flag": 3, "change_message": ""}}, {"model": "admin.logentry", "pk": 9, "fields": {"action_time": "2025-08-11T15:37:44.642Z", "user": 1, "content_type": 18, "object_id": "3", "object_repr": "2-Layer Lilac & Gold", "action_flag": 3, "change_message": ""}}, {"model": "admin.logentry", "pk": 10, "fields": {"action_time": "2025-08-11T15:37:44.652Z", "user": 1, "content_type": 18, "object_id": "1", "object_repr": "1-Layer Lilac & Gold", "action_flag": 3, "change_message": ""}}, {"model": "admin.logentry", "pk": 11, "fields": {"action_time": "2025-08-11T18:09:20.819Z", "user": 1, "content_type": 18, "object_id": "5", "object_repr": "1-Layer Lilac & Gold", "action_flag": 1, "change_message": "[{\"added\": {}}]"}}, {"model": "admin.logentry", "pk": 12, "fields": {"action_time": "2025-08-11T18:19:22.890Z", "user": 1, "content_type": 18, "object_id": "6", "object_repr": "1-Layer Vanilla Roses", "action_flag": 1, "change_message": "[{\"added\": {}}]"}}, {"model": "admin.logentry", "pk": 13, "fields": {"action_time": "2025-08-11T18:20:30.186Z", "user": 1, "content_type": 18, "object_id": "7", "object_repr": "2-Layer Lilac & Gold", "action_flag": 1, "change_message": "[{\"added\": {}}]"}}, {"model": "admin.logentry", "pk": 14, "fields": {"action_time": "2025-08-11T18:24:03.681Z", "user": 1, "content_type": 18, "object_id": "8", "object_repr": "2-Layer Magnolias", "action_flag": 1, "change_message": "[{\"added\": {}}]"}}, {"model": "admin.logentry", "pk": 15, "fields": {"action_time": "2025-08-11T22:14:55.262Z", "user": 1, "content_type": 18, "object_id": "9", "object_repr": "2-Layer Summer Fayre", "action_flag": 1, "change_message": "[{\"added\": {}}]"}}, {"model": "admin.logentry", "pk": 16, "fields": {"action_time": "2025-08-11T22:28:12.678Z", "user": 1, "content_type": 18, "object_id": "10", "object_repr": "3-Layer Black & Gold", "action_flag": 1, "change_message": "[{\"added\": {}}]"}}, {"model": "admin.logentry", "pk": 17, "fields": {"action_time": "2025-08-11T22:31:07.947Z", "user": 1, "content_type": 18, "object_id": "11", "object_repr": "3-Layer Buttered Pink", "action_flag": 1, "change_message": "[{\"added\": {}}]"}}, {"model": "admin.logentry", "pk": 18, "fields": {"action_time": "2025-08-11T22:32:09.833Z", "user": 1, "content_type": 18, "object_id": "12", "object_repr": "3-Layer Dark Fruits", "action_flag": 1, "change_message": "[{\"added\": {}}]"}}, {"model": "admin.logentry", "pk": 19, "fields": {"action_time": "2025-08-11T22:33:15.421Z", "user": 1, "content_type": 18, "object_id": "13", "object_repr": "3-Layer Lilac & Gold", "action_flag": 1, "change_message": "[{\"added\": {}}]"}}, {"model": "admin.logentry", "pk": 20, "fields": {"action_time": "2025-08-11T22:34:15.154Z", "user": 1, "content_type": 18, "object_id": "14", "object_repr": "3-Layer Pride", "action_flag": 1, "change_message": "[{\"added\": {}}]"}}, {"model": "admin.logentry", "pk": 21, "fields": {"action_time": "2025-08-11T22:34:49.430Z", "user": 1, "content_type": 18, "object_id": "15", "object_repr": "3-Layer Vanilla Chocolate", "action_flag": 1, "change_message": "[{\"added\": {}}]"}}, {"model": "admin.logentry", "pk": 22, "fields": {"action_time": "2025-08-11T22:35:48.969Z", "user": 1, "content_type": 18, "object_id": "16", "object_repr": "Buzz Lightyear", "action_flag": 1, "change_message": "[{\"added\": {}}]"}}, {"model": "admin.logentry", "pk": 23, "fields": {"action_time": "2025-08-11T22:36:21.664Z", "user": 1, "content_type": 18, "object_id": "17", "object_repr": "Hulk", "action_flag": 1, "change_message": "[{\"added\": {}}]"}}, {"model": "admin.logentry", "pk": 24, "fields": {"action_time": "2025-08-11T22:38:32.630Z", "user": 1, "content_type": 18, "object_id": "18", "object_repr": "Ironman", "action_flag": 1, "change_message": "[{\"added\": {}}]"}}, {"model": "admin.logentry", "pk": 25, "fields": {"action_time": "2025-08-11T22:44:39.889Z", "user": 1, "content_type": 18, "object_id": "19", "object_repr": "Mario-Land", "action_flag": 1, "change_message": "[{\"added\": {}}]"}}, {"model": "admin.logentry", "pk": 26, "fields": {"action_time": "2025-08-11T22:45:15.578Z", "user": 1, "content_type": 18, "object_id": "20", "object_repr": "Spiderman", "action_flag": 1, "change_message": "[{\"added\": {}}]"}}, {"model": "admin.logentry", "pk": 27, "fields": {"action_time": "2025-08-11T22:49:48.736Z", "user": 1, "content_type": 18, "object_id": "21", "object_repr": "Superman", "action_flag": 1, "change_message": "[{\"added\": {}}]"}}, {"model": "admin.logentry", "pk": 28, "fields": {"action_time": "2025-08-11T22:52:06.831Z", "user": 1, "content_type": 18, "object_id": "22", "object_repr": "Wonder Woman", "action_flag": 1, "change_message": "[{\"added\": {}}]"}}, {"model": "admin.logentry", "pk": 29, "fields": {"action_time": "2025-08-11T22:53:11.385Z", "user": 1, "content_type": 18, "object_id": "23", "object_repr": "Woody", "action_flag": 1, "change_message": "[{\"added\": {}}]"}}, {"model": "admin.logentry", "pk": 30, "fields": {"action_time": "2025-08-11T22:55:05.681Z", "user": 1, "content_type": 18, "object_id": "24", "object_repr": "Batman", "action_flag": 1, "change_message": "[{\"added\": {}}]"}}, {"model": "admin.logentry", "pk": 31, "fields": {"action_time": "2025-08-11T22:57:01.522Z", "user": 1, "content_type": 18, "object_id": "25", "object_repr": "Confetti", "action_flag": 1, "change_message": "[{\"added\": {}}]"}}, {"model": "admin.logentry", "pk": 32, "fields": {"action_time": "2025-08-11T22:59:08.413Z", "user": 1, "content_type": 18, "object_id": "26", "object_repr": "Floral", "action_flag": 1, "change_message": "[{\"added\": {}}]"}}, {"model": "admin.logentry", "pk": 33, "fields": {"action_time": "2025-08-11T23:01:26.655Z", "user": 1, "content_type": 18, "object_id": "27", "object_repr": "Fun-Fayre", "action_flag": 1, "change_message": "[{\"added\": {}}]"}}, {"model": "admin.logentry", "pk": 34, "fields": {"action_time": "2025-08-11T23:02:18.151Z", "user": 1, "content_type": 18, "object_id": "28", "object_repr": "Blue-Ice", "action_flag": 1, "change_message": "[{\"added\": {}}]"}}, {"model": "admin.logentry", "pk": 35, "fields": {"action_time": "2025-08-11T23:05:24.023Z", "user": 1, "content_type": 18, "object_id": "29", "object_repr": "Rainbow Melt", "action_flag": 1, "change_message": "[{\"added\": {}}]"}}, {"model": "admin.logentry", "pk": 36, "fields": {"action_time": "2025-08-11T23:07:24.342Z", "user": 1, "content_type": 18, "object_id": "30", "object_repr": "Pride Swirl", "action_flag": 1, "change_message": "[{\"added\": {}}]"}}, {"model": "admin.logentry", "pk": 37, "fields": {"action_time": "2025-08-11T23:21:15.665Z", "user": 1, "content_type": 19, "object_id": "3", "object_repr": "1-Layer Lilac & Gold Image", "action_flag": 1, "change_message": "[{\"added\": {}}]"}}, {"model": "admin.logentry", "pk": 38, "fields": {"action_time": "2025-08-11T23:21:35.078Z", "user": 1, "content_type": 19, "object_id": "4", "object_repr": "1-Layer Vanilla Roses Image", "action_flag": 1, "change_message": "[{\"added\": {}}]"}}, {"model": "admin.logentry", "pk": 39, "fields": {"action_time": "2025-08-11T23:22:09.174Z", "user": 1, "content_type": 19, "object_id": "5", "object_repr": "2-Layer Lilac & Gold Image", "action_flag": 1, "change_message": "[{\"added\": {}}]"}}, {"model": "admin.logentry", "pk": 40, "fields": {"action_time": "2025-08-11T23:22:18.414Z", "user": 1, "content_type": 19, "object_id": "6", "object_repr": "2-Layer Magnolias Image", "action_flag": 1, "change_message": "[{\"added\": {}}]"}}, {"model": "admin.logentry", "pk": 41, "fields": {"action_time": "2025-08-11T23:23:10.860Z", "user": 1, "content_type": 19, "object_id": "7", "object_repr": "2-Layer Summer Fayre Image", "action_flag": 1, "change_message": "[{\"added\": {}}]"}}, {"model": "admin.logentry", "pk": 42, "fields": {"action_time": "2025-08-11T23:23:25.449Z", "user": 1, "content_type": 19, "object_id": "8", "object_repr": "3-Layer Black & Gold Image", "action_flag": 1, "change_message": "[{\"added\": {}}]"}}, {"model": "admin.logentry", "pk": 43, "fields": {"action_time": "2025-08-11T23:23:42.869Z", "user": 1, "content_type": 19, "object_id": "9", "object_repr": "3-Layer Buttered Pink Image", "action_flag": 1, "change_message": "[{\"added\": {}}]"}}, {"model": "admin.logentry", "pk": 44, "fields": {"action_time": "2025-08-11T23:23:56.749Z", "user": 1, "content_type": 19, "object_id": "10", "object_repr": "3-Layer Dark Fruits Image", "action_flag": 1, "change_message": "[{\"added\": {}}]"}}, {"model": "admin.logentry", "pk": 45, "fields": {"action_time": "2025-08-12T18:00:29.304Z", "user": 1, "content_type": 19, "object_id": "11", "object_repr": "3-Layer Lilac & Gold Image", "action_flag": 1, "change_message": "[{\"added\": {}}]"}}, {"model": "admin.logentry", "pk": 46, "fields": {"action_time": "2025-08-12T18:00:45.947Z", "user": 1, "content_type": 19, "object_id": "12", "object_repr": "3-Layer Pride Image", "action_flag": 1, "change_message": "[{\"added\": {}}]"}}, {"model": "admin.logentry", "pk": 47, "fields": {"action_time": "2025-08-12T18:00:59.288Z", "user": 1, "content_type": 19, "object_id": "13", "object_repr": "3-Layer Vanilla Chocolate Image", "action_flag": 1, "change_message": "[{\"added\": {}}]"}}, {"model": "admin.logentry", "pk": 48, "fields": {"action_time": "2025-08-12T18:01:50.918Z", "user": 1, "content_type": 19, "object_id": "14", "object_repr": "Buzz Lightyear Image", "action_flag": 1, "change_message": "[{\"added\": {}}]"}}, {"model": "admin.logentry", "pk": 49, "fields": {"action_time": "2025-08-12T18:02:43.471Z", "user": 1, "content_type": 19, "object_id": "15", "object_repr": "Hulk Image", "action_flag": 1, "change_message": "[{\"added\": {}}]"}}, {"model": "admin.logentry", "pk": 50, "fields": {"action_time": "2025-08-12T18:02:56.829Z", "user": 1, "content_type": 19, "object_id": "16", "object_repr": "Ironman Image", "action_flag": 1, "change_message": "[{\"added\": {}}]"}}, {"model": "admin.logentry", "pk": 51, "fields": {"action_time": "2025-08-12T18:03:05.414Z", "user": 1, "content_type": 19, "object_id": "17", "object_repr": "Mario-Land Image", "action_flag": 1, "change_message": "[{\"added\": {}}]"}}, {"model": "admin.logentry", "pk": 52, "fields": {"action_time": "2025-08-12T18:03:19.908Z", "user": 1, "content_type": 19, "object_id": "18", "object_repr": "Spiderman Image", "action_flag": 1, "change_message": "[{\"added\": {}}]"}}, {"model": "admin.logentry", "pk": 53, "fields": {"action_time": "2025-08-12T18:03:20.813Z", "user": 1, "content_type": 19, "object_id": "19", "object_repr": "Spiderman Image", "action_flag": 1, "change_message": "[{\"added\": {}}]"}}, {"model": "admin.logentry", "pk": 54, "fields": {"action_time": "2025-08-12T18:03:29.135Z", "user": 1, "content_type": 19, "object_id": "20", "object_repr": "Superman Image", "action_flag": 1, "change_message": "[{\"added\": {}}]"}}, {"model": "admin.logentry", "pk": 55, "fields": {"action_time": "2025-08-12T18:03:55.752Z", "user": 1, "content_type": 19, "object_id": "21", "object_repr": "Wonder Woman Image", "action_flag": 1, "change_message": "[{\"added\": {}}]"}}, {"model": "admin.logentry", "pk": 56, "fields": {"action_time": "2025-08-12T18:04:17.212Z", "user": 1, "content_type": 19, "object_id": "22", "object_repr": "Woody Image", "action_flag": 1, "change_message": "[{\"added\": {}}]"}}, {"model": "admin.logentry", "pk": 57, "fields": {"action_time": "2025-08-12T18:10:29.606Z", "user": 1, "content_type": 19, "object_id": "23", "object_repr": "Batman Image", "action_flag": 1, "change_message": "[{\"added\": {}}]"}}, {"model": "admin.logentry", "pk": 58, "fields": {"action_time": "2025-08-12T18:12:09.237Z", "user": 1, "content_type": 19, "object_id": "24", "object_repr": "Confetti Image", "action_flag": 1, "change_message": "[{\"added\": {}}]"}}, {"model": "admin.logentry", "pk": 59, "fields": {"action_time": "2025-08-12T18:13:20.673Z", "user": 1, "content_type": 19, "object_id": "25", "object_repr": "Pride Swirl Image", "action_flag": 1, "change_message": "[{\"added\": {}}]"}}, {"model": "admin.logentry", "pk": 60, "fields": {"action_time": "2025-08-12T18:13:42.755Z", "user": 1, "content_type": 19, "object_id": "26", "object_repr": "Rainbow Melt Image", "action_flag": 1, "change_message": "[{\"added\": {}}]"}}, {"model": "admin.logentry", "pk": 61, "fields": {"action_time": "2025-08-12T18:13:58.187Z", "user": 1, "content_type": 19, "object_id": "27", "object_repr": "Blue-Ice Image", "action_flag": 1, "change_message": "[{\"added\": {}}]"}}, {"model": "admin.logentry", "pk": 62, "fields": {"action_time": "2025-08-12T18:14:29.938Z", "user": 1, "content_type": 19, "object_id": "28", "object_repr": "Fun-Fayre Image", "action_flag": 1, "change_message": "[{\"added\": {}}]"}}, {"model": "admin.logentry", "pk": 63, "fields": {"action_time": "2025-08-12T19:07:06.474Z", "user": 1, "content_type": 18, "object_id": "31", "object_repr": "Wall Flowers", "action_flag": 1, "change_message": "[{\"added\": {}}]"}}, {"model": "admin.logentry", "pk": 64, "fields": {"action_time": "2025-08-12T19:07:26.674Z", "user": 1, "content_type": 18, "object_id": "26", "object_repr": "Floral", "action_flag": 3, "change_message": ""}}, {"model": "admin.logentry", "pk": 65, "fields": {"action_time": "2025-08-12T19:07:56.687Z", "user": 1, "content_type": 19, "object_id": "29", "object_repr": "Wall Flowers Image", "action_flag": 1, "change_message": "[{\"added\": {}}]"}}, {"model": "admin.logentry", "pk": 66, "fields": {"action_time": "2025-08-12T19:18:31.572Z", "user": 1, "content_type": 14, "object_id": "1", "object_repr": "My little Super Hero!", "action_flag": 2, "change_message": "[{\"changed\": {\"fields\": [\"Author\", \"Status\"]}}]"}}, {"model": "admin.logentry", "pk": 67, "fields": {"action_time": "2025-08-12T19:35:36.265Z", "user": 1, "content_type": 14, "object_id": "5", "object_repr": "Another Happy Customer", "action_flag": 2, "change_message": "[{\"changed\": {\"fields\": [\"Author\", \"Status\", \"Likes\"]}}]"}}, {"model": "admin.logentry", "pk": 68, "fields": {"action_time": "2025-08-12T19:36:18.332Z", "user": 1, "content_type": 14, "object_id": "4", "object_repr": "Super Super Girl Cake", "action_flag": 2, "change_message": "[{\"changed\": {\"fields\": [\"Author\", \"Status\"]}}]"}}, {"model": "admin.logentry", "pk": 69, "fields": {"action_time": "2025-08-12T19:37:02.980Z", "user": 1, "content_type": 14, "object_id": "2", "object_repr": "Perfect Cake for the Perfect Wedding Day", "action_flag": 2, "change_message": "[{\"changed\": {\"fields\": [\"Author\", \"Status\"]}}]"}}, {"model": "admin.logentry", "pk": 70, "fields": {"action_time": "2025-08-12T19:37:52.991Z", "user": 1, "content_type": 14, "object_id": "3", "object_repr": "It matched his HAT!", "action_flag": 2, "change_message": "[{\"changed\": {\"fields\": [\"Author\", \"Likes\"]}}]"}}, {"model": "admin.logentry", "pk": 71, "fields": {"action_time": "2025-08-12T19:38:22.220Z", "user": 1, "content_type": 14, "object_id": "3", "object_repr": "It matched his HAT!", "action_flag": 2, "change_message": "[]"}}, {"model": "admin.logentry", "pk": 72, "fields": {"action_time": "2025-08-12T19:38:36.190Z", "user": 1, "content_type": 14, "object_id": "3", "object_repr": "It matched his HAT!", "action_flag": 2, "change_message": "[{\"changed\": {\"fields\": [\"Status\"]}}]"}}, {"model": "auth.permission", "pk": 1, "fields": {"name": "Can add log entry", "content_type": 1, "codename": "add_logentry"}}, {"model": "auth.permission", "pk": 2, "fields": {"name": "Can change log entry", "content_type": 1, "codename": "change_logentry"}}, {"model": "auth.permission", "pk": 3, "fields": {"name": "Can delete log entry", "content_type": 1, "codename": "delete_logentry"}}, {"model": "auth.permission", "pk": 4, "fields": {"name": "Can view log entry", "content_type": 1, "codename": "view_logentry"}}, {"model": "auth.permission", "pk": 5, "fields": {"name": "Can add permission", "content_type": 2, "codename": "add_permission"}}, {"model": "auth.permission", "pk": 6, "fields": {"name": "Can change permission", "content_type": 2, "codename": "change_permission"}}, {"model": "auth.permission", "pk": 7, "fields": {"name": "Can delete permission", "content_type": 2, "codename": "delete_permission"}}, {"model": "auth.permission", "pk": 8, "fields": {"name": "Can view permission", "content_type": 2, "codename": "view_permission"}}, {"model": "auth.permission", "pk": 9, "fields": {"name": "Can add group", "content_type": 3, "codename": "add_group"}}, {"model": "auth.permission", "pk": 10, "fields": {"name": "Can change group", "content_type": 3, "codename": "change_group"}}, {"model": "auth.permission", "pk": 11, "fields": {"name": "Can delete group", "content_type": 3, "codename": "delete_group"}}, {"model": "auth.permission", "pk": 12, "fields": {"name": "Can view group", "content_type": 3, "codename": "view_group"}}, {"model": "auth.permission", "pk": 13, "fields": {"name": "Can add user", "content_type": 4, "codename": "add_user"}}, {"model": "auth.permission", "pk": 14, "fields": {"name": "Can change user", "content_type": 4, "codename": "change_user"}}, {"model": "auth.permission", "pk": 15, "fields": {"name": "Can delete user", "content_type": 4, "codename": "delete_user"}}, {"model": "auth.permission", "pk": 16, "fields": {"name": "Can view user", "content_type": 4, "codename": "view_user"}}, {"model": "auth.permission", "pk": 17, "fields": {"name": "Can add content type", "content_type": 5, "codename": "add_contenttype"}}, {"model": "auth.permission", "pk": 18, "fields": {"name": "Can change content type", "content_type": 5, "codename": "change_contenttype"}}, {"model": "auth.permission", "pk": 19, "fields": {"name": "Can delete content type", "content_type": 5, "codename": "delete_contenttype"}}, {"model": "auth.permission", "pk": 20, "fields": {"name": "Can view content type", "content_type": 5, "codename": "view_contenttype"}}, {"model": "auth.permission", "pk": 21, "fields": {"name": "Can add session", "content_type": 6, "codename": "add_session"}}, {"model": "auth.permission", "pk": 22, "fields": {"name": "Can change session", "content_type": 6, "codename": "change_session"}}, {"model": "auth.permission", "pk": 23, "fields": {"name": "Can delete session", "content_type": 6, "codename": "delete_session"}}, {"model": "auth.permission", "pk": 24, "fields": {"name": "Can view session", "content_type": 6, "codename": "view_session"}}, {"model": "auth.permission", "pk": 25, "fields": {"name": "Can add site", "content_type": 7, "codename": "add_site"}}, {"model": "auth.permission", "pk": 26, "fields": {"name": "Can change site", "content_type": 7, "codename": "change_site"}}, {"model": "auth.permission", "pk": 27, "fields": {"name": "Can delete site", "content_type": 7, "codename": "delete_site"}}, {"model": "auth.permission", "pk": 28, "fields": {"name": "Can view site", "content_type": 7, "codename": "view_site"}}, {"model": "auth.permission", "pk": 29, "fields": {"name": "Can add email address", "content_type": 8, "codename": "add_emailaddress"}}, {"model": "auth.permission", "pk": 30, "fields": {"name": "Can change email address", "content_type": 8, "codename": "change_emailaddress"}}, {"model": "auth.permission", "pk": 31, "fields": {"name": "Can delete email address", "content_type": 8, "codename": "delete_emailaddress"}}, {"model": "auth.permission", "pk": 32, "fields": {"name": "Can view email address", "content_type": 8, "codename": "view_emailaddress"}}, {"model": "auth.permission", "pk": 33, "fields": {"name": "Can add email confirmation", "content_type": 9, "codename": "add_emailconfirmation"}}, {"model": "auth.permission", "pk": 34, "fields": {"name": "Can change email confirmation", "content_type": 9, "codename": "change_emailconfirmation"}}, {"model": "auth.permission", "pk": 35, "fields": {"name": "Can delete email confirmation", "content_type": 9, "codename": "delete_emailconfirmation"}}, {"model": "auth.permission", "pk": 36, "fields": {"name": "Can view email confirmation", "content_type": 9, "codename": "view_emailconfirmation"}}, {"model": "auth.permission", "pk": 37, "fields": {"name": "Can add social account", "content_type": 10, "codename": "add_socialaccount"}}, {"model": "auth.permission", "pk": 38, "fields": {"name": "Can change social account", "content_type": 10, "codename": "change_socialaccount"}}, {"model": "auth.permission", "pk": 39, "fields": {"name": "Can delete social account", "content_type": 10, "codename": "delete_socialaccount"}}, {"model": "auth.permission", "pk": 40, "fields": {"name": "Can view social account", "content_type": 10, "codename": "view_socialaccount"}}, {"model": "auth.permission", "pk": 41, "fields": {"name": "Can add social application", "content_type": 11, "codename": "add_socialapp"}}, {"model": "auth.permission", "pk": 42, "fields": {"name": "Can change social application", "content_type": 11, "codename": "change_socialapp"}}, {"model": "auth.permission", "pk": 43, "fields": {"name": "Can delete social application", "content_type": 11, "codename": "delete_socialapp"}}, {"model": "auth.permission", "pk": 44, "fields": {"name": "Can view social application", "content_type": 11, "codename": "view_socialapp"}}, {"model": "auth.permission", "pk": 45, "fields": {"name": "Can add social application token", "content_type": 12, "codename": "add_socialtoken"}}, {"model": "auth.permission", "pk": 46, "fields": {"name": "Can change social application token", "content_type": 12, "codename": "change_socialtoken"}}, {"model": "auth.permission", "pk": 47, "fields": {"name": "Can delete social application token", "content_type": 12, "codename": "delete_socialtoken"}}, {"model": "auth.permission", "pk": 48, "fields": {"name": "Can view social application token", "content_type": 12, "codename": "view_socialtoken"}}, {"model": "auth.permission", "pk": 49, "fields": {"name": "Can add attachment", "content_type": 13, "codename": "add_attachment"}}, {"model": "auth.permission", "pk": 50, "fields": {"name": "Can change attachment", "content_type": 13, "codename": "change_attachment"}}, {"model": "auth.permission", "pk": 51, "fields": {"name": "Can delete attachment", "content_type": 13, "codename": "delete_attachment"}}, {"model": "auth.permission", "pk": 52, "fields": {"name": "Can view attachment", "content_type": 13, "codename": "view_attachment"}}, {"model": "auth.permission", "pk": 53, "fields": {"name": "Can add post", "content_type": 14, "codename": "add_post"}}, {"model": "auth.permission", "pk": 54, "fields": {"name": "Can change post", "content_type": 14, "codename": "change_post"}}, {"model": "auth.permission", "pk": 55, "fields": {"name": "Can delete post", "content_type": 14, "codename": "delete_post"}}, {"model": "auth.permission", "pk": 56, "fields": {"name": "Can view post", "content_type": 14, "codename": "view_post"}}, {"model": "auth.permission", "pk": 57, "fields": {"name": "Can add comment", "content_type": 15, "codename": "add_comment"}}, {"model": "auth.permission", "pk": 58, "fields": {"name": "Can change comment", "content_type": 15, "codename": "change_comment"}}, {"model": "auth.permission", "pk": 59, "fields": {"name": "Can delete comment", "content_type": 15, "codename": "delete_comment"}}, {"model": "auth.permission", "pk": 60, "fields": {"name": "Can view comment", "content_type": 15, "codename": "view_comment"}}, {"model": "auth.permission", "pk": 61, "fields": {"name": "Can add cake", "content_type": 16, "codename": "add_cake"}}, {"model": "auth.permission", "pk": 62, "fields": {"name": "Can change cake", "content_type": 16, "codename": "change_cake"}}, {"model": "auth.permission", "pk": 63, "fields": {"name": "Can delete cake", "content_type": 16, "codename": "delete_cake"}}, {"model": "auth.permission", "pk": 64, "fields": {"name": "Can view cake", "content_type": 16, "codename": "view_cake"}}, {"model": "auth.permission", "pk": 65, "fields": {"name": "Can add cake category", "content_type": 17, "codename": "add_cakecategory"}}, {"model": "auth.permission", "pk": 66, "fields": {"name": "Can change cake category", "content_type": 17, "codename": "change_cakecategory"}}, {"model": "auth.permission", "pk": 67, "fields": {"name": "Can delete cake category", "content_type": 17, "codename": "delete_cakecategory"}}, {"model": "auth.permission", "pk": 68, "fields": {"name": "Can view cake category", "content_type": 17, "codename": "view_cakecategory"}}, {"model": "auth.permission", "pk": 69, "fields": {"name": "Can add individual cake", "content_type": 18, "codename": "add_individualcake"}}, {"model": "auth.permission", "pk": 70, "fields": {"name": "Can change individual cake", "content_type": 18, "codename": "change_individualcake"}}, {"model": "auth.permission", "pk": 71, "fields": {"name": "Can delete individual cake", "content_type": 18, "codename": "delete_individualcake"}}, {"model": "auth.permission", "pk": 72, "fields": {"name": "Can view individual cake", "content_type": 18, "codename": "view_individualcake"}}, {"model": "auth.permission", "pk": 73, "fields": {"name": "Can add cake image", "content_type": 19, "codename": "add_cakeimage"}}, {"model": "auth.permission", "pk": 74, "fields": {"name": "Can change cake image", "content_type": 19, "codename": "change_cakeimage"}}, {"model": "auth.permission", "pk": 75, "fields": {"name": "Can delete cake image", "content_type": 19, "codename": "delete_cakeimage"}}, {"model": "auth.permission", "pk": 76, "fields": {"name": "Can view cake image", "content_type": 19, "codename": "view_cakeimage"}}, {"model": "auth.permission", "pk": 77, "fields": {"name": "Can add customer account", "content_type": 20, "codename": "add_customeraccount"}}, {"model": "auth.permission", "pk": 78, "fields": {"name": "Can change customer account", "content_type": 20, "codename": "change_customeraccount"}}, {"model": "auth.permission", "pk": 79, "fields": {"name": "Can delete customer account", "content_type": 20, "codename": "delete_customeraccount"}}, {"model": "auth.permission", "pk": 80, "fields": {"name": "Can view customer account", "content_type": 20, "codename": "view_customeraccount"}}, {"model": "auth.permission", "pk": 81, "fields": {"name": "Can add contact", "content_type": 21, "codename": "add_contact"}}, {"model": "auth.permission", "pk": 82, "fields": {"name": "Can change contact", "content_type": 21, "codename": "change_contact"}}, {"model": "auth.permission", "pk": 83, "fields": {"name": "Can delete contact", "content_type": 21, "codename": "delete_contact"}}, {"model": "auth.permission", "pk": 84, "fields": {"name": "Can view contact", "content_type": 21, "codename": "view_contact"}}, {"model": "auth.user", "pk": 1, "fields": {"password": "pbkdf2_sha256$260000$ly9cKIufrHadoPzUA6XtNc$KDtVMteZLxo2cCslyjMp/ncWd/lo3KxhZENZ4Go94gQ=", "last_login": "2025-08-12T19:34:09.456Z", "is_superuser": true, "username": "Admin1", "first_name": "", "last_name": "", "email": "admin1@email.com", "is_staff": true, "is_active": true, "date_joined": "2025-08-10T13:52:41.657Z", "groups": [], "user_permissions": []}}, {"model": "auth.user", "pk": 2, "fields": {"password": "pbkdf2_sha256$260000$yA4NYXxGe4MYNcZ1TtBtYB$zot/wX+kOS3cLzdsO4jTByX22Eh9KQYA340SsSx5flc=", "last_login": "2025-08-12T19:09:58.523Z", "is_superuser": false, "username": "Tash", "first_name": "", "last_name": "", "email": "", "is_staff": false, "is_active": true, "date_joined": "2025-08-12T19:09:58.306Z", "groups": [], "user_permissions": []}}, {"model": "auth.user", "pk": 3, "fields": {"password": "pbkdf2_sha256$260000$9iYFlSL78qYz453WPC8NHY$06WkUg+mg8x8GF5a3/cMZjwMngCChlWxu1G6MnoWFtk=", "last_login": "2025-08-12T19:19:53.722Z", "is_superuser": false, "username": "Dave", "first_name": "", "last_name": "", "email": "", "is_staff": false, "is_active": true, "date_joined": "2025-08-12T19:19:53.544Z", "groups": [], "user_permissions": []}}, {"model": "auth.user", "pk": 4, "fields": {"password": "pbkdf2_sha256$260000$F0UQ9z9ZS7Z9rktX89h2ct$iM7T0MI1ZRXMqkDms+PeK4dtIGGhgXw8ioRnmMIV/mg=", "last_login": "2025-08-12T19:23:41.522Z", "is_superuser": false, "username": "Bobby", "first_name": "", "last_name": "", "email": "", "is_staff": false, "is_active": true, "date_joined": "2025-08-12T19:23:41.324Z", "groups": [], "user_permissions": []}}, {"model": "auth.user", "pk": 5, "fields": {"password": "pbkdf2_sha256$260000$utXPhnBvNDsDWDrQG7iXhK$/hGCZHPBBURp676GrKx+lSjI1YXQNm23Q0gqJYPmfNY=", "last_login": "2025-08-12T19:26:33.740Z", "is_superuser": false, "username": "Charlie", "first_name": "", "last_name": "", "email": "", "is_staff": false, "is_active": true, "date_joined": "2025-08-12T19:26:33.574Z", "groups": [], "user_permissions": []}}, {"model": "auth.user", "pk": 6, "fields": {"password": "pbkdf2_sha256$260000$mcN304ObdOoaXdUzNpz16I$+/trqtEpwVQ4tBSwWqwcCj2LVD2mG3WsgZfGUn76Pzc=", "last_login": "2025-08-12T19:30:25.658Z", "is_superuser": false, "username": "Ben", "first_name": "", "last_name": "", "email": "", "is_staff": false, "is_active": true, "date_joined": "2025-08-12T19:30:25.490Z", "groups": [], "user_permissions": []}}, {"model": "contenttypes.contenttype", "pk": 1, "fields": {"app_label": "admin", "model": "logentry"}}, {"model": "contenttypes.contenttype", "pk": 2, "fields": {"app_label": "auth", "model": "permission"}}, {"model": "contenttypes.contenttype", "pk": 3, "fields": {"app_label": "auth", "model": "group"}}, {"model": "contenttypes.contenttype", "pk": 4, "fields": {"app_label": "auth", "model": "user"}}, {"model": "contenttypes.contenttype", "pk": 5, "fields": {"app_label": "contenttypes", "model": "contenttype"}}, {"model": "contenttypes.contenttype", "pk": 6, "fields": {"app_label": "sessions", "model": "session"}}, {"model": "contenttypes.contenttype", "pk": 7, "fields": {"app_label": "sites", "model": "site"}}, {"model": "contenttypes.contenttype", "pk": 8, "fields": {"app_label": "account", "model": "emailaddress"}}, {"model": "contenttypes.contenttype", "pk": 9, "fields": {"app_label": "account", "model": "emailconfirmation"}}, {"model": "contenttypes.contenttype", "pk": 10, "fields": {"app_label": "socialaccount", "model": "socialaccount"}}, {"model": "contenttypes.contenttype", "pk": 11, "fields": {"app_label": "socialaccount", "model": "socialapp"}}, {"model": "contenttypes.contenttype", "pk": 12, "fields": {"app_label": "socialaccount", "model": "socialtoken"}}, {"model": "contenttypes.contenttype", "pk": 13, "fields": {"app_label": "django_summernote", "model": "attachment"}}, {"model": "contenttypes.contenttype", "pk": 14, "fields": {"app_label": "reviews", "model": "post"}}, {"model": "contenttypes.contenttype", "pk": 15, "fields": {"app_label": "reviews", "model": "comment"}}, {"model": "contenttypes.contenttype", "pk": 16, "fields": {"app_label": "cakes", "model": "cake"}}, {"model": "contenttypes.contenttype", "pk": 17, "fields": {"app_label": "cakes", "model": "cakecategory"}}, {"model": "contenttypes.contenttype", "pk": 18, "fields": {"app_label": "cakes", "model": "individualcake"}}, {"model": "contenttypes.contenttype", "pk": 19, "fields": {"app_label": "cakes", "model": "cakeimage"}}, {"model": "contenttypes.contenttype", "pk": 20, "fields": {"app_label": "customer_accounts", "model": "customeraccount"}}, {"model": "contenttypes.contenttype", "pk": 21, "fields": {"app_label": "contact", "model": "contact"}}, {"model": "sessions.session", "pk": "oge2epuloiu147jtj51nfihd2hlpl5jx", "fields": {"session_data": ".eJxVjEEOgjAQRe_StWmGSmnr0j1naGY6M4IaSCisjHdXEha6_e-9_zIZt3XIW5Ulj2wupjGn342wPGTaAd9xus22zNO6jGR3xR602n5meV4P9-9gwDp866TQljM6IAROGkWFHZekgdu2i0TsGkYFxpgghEgxhQjUqYrz3oN5fwAPDjii:1ulul7:Td2zwmPpcizYzgQWcdXlwBuEosBX8MfZM6pk6R1pgKI", "expire_date": "2025-08-26T19:34:09.489Z"}}, {"model": "sites.site", "pk": 1, "fields": {"domain": "example.com", "name": "example.com"}}, {"model": "reviews.post", "pk": 1, "fields": {"title": "My little Super Hero!", "slug": "my-little-super-hero-1", "author": 2, "content": "Thank you so much for the Batman cake for my little Timmy's 8th birthday.\r\nIt not only looked perfect, but it tasted great!", "created_on": "2025-08-12T19:16:42.971Z", "status": 1, "featured_image": "image/upload/v1755026203/n8xmsb2cd7q0lgczf0mi.webp", "updated_on": "2025-08-12T19:18:31.553Z", "likes": []}}, {"model": "reviews.post", "pk": 2, "fields": {"title": "Perfect Cake for the Perfect Wedding Day", "slug": "perfect-cake-for-the-perfect-wedding-day-1", "author": 4, "content": "WOW!\r\nThe amount of beautiful detail that went into the wedding cake.  It was only out done by the bride!\r\nOutstanding work!  Thank you!", "created_on": "2025-08-12T19:22:37.692Z", "status": 1, "featured_image": "image/upload/v1755026557/nw97if1yydzbakc0rmm6.jpg", "updated_on": "2025-08-12T19:37:02.959Z", "likes": []}}, {"model": "reviews.post", "pk": 3, "fields": {"title": "It matched his HAT!", "slug": "it-matched-his-hat-1-1-1", "author": 3, "content": "The excitement on our little Stevie's face when he saw the cake!\r\nIt actually matched his hat and everyone thought it was hilarious!", "created_on": "2025-08-12T19:26:05.191Z", "status": 1, "featured_image": "image/upload/v1755026765/g5qemwg1cofmsj5ceer4.webp", "updated_on": "2025-08-12T19:38:36.173Z", "likes": [3]}}, {"model": "reviews.post", "pk": 4, "fields": {"title": "Super Super Girl Cake", "slug": "super-super-girl-cake-1", "author": 5, "content": "Sally loved her Superb Super Girl cake!\r\nAnd so did we! (when we finally managed to get her to cut it)\r\nShe insisted that it was to great to slice up, but when we tasted it....!!\r\nMmmm lovely!", "created_on": "2025-08-12T19:29:38.589Z", "status": 1, "featured_image": "image/upload/v1755026978/og7q1ttpkzfyqi9hkl0l.webp", "updated_on": "2025-08-12T19:36:18.311Z", "likes": [1]}}, {"model": "reviews.post", "pk": 5, "fields": {"title": "Another Happy Customer", "slug": "another-happy-customer-1", "author": 6, "content": "We will definitely be coming back and have given your name to all our friends.\r\n\r\nAce job on our daughter's cake!  Thank you!", "created_on": "2025-08-12T19:32:36.607Z", "status": 1, "featured_image": "image/upload/v1755027156/e4qulhtpybahkhoyjsbw.jpg", "updated_on": "2025-08-12T19:35:36.225Z", "likes": [6]}}, {"model": "cakes.cakecategory", "pk": 1, "fields": {"category": "Wedding"}}, {"model": "cakes.cakecategory", "pk": 2, "fields": {"category": "Birthday"}}, {"model": "cakes.cakecategory", "pk": 3, "fields": {"category": "Novelty"}}, {"model": "cakes.individualcake", "pk": 5, "fields": {"description": "The 1-Layer Lilac & Gold Cake is a vision of understated luxury, perfect for intimate wedding celebrations. A flawless ivory base is adorned with a hand-piped lattice of shimmering gold, accented by delicate lilac diamond motifs that draw the eye around the tier. The top is crowned with an artful arrangement of lilac sugar flowers, each petal shaped with care and finished with golden centres that glisten in the light.\r\n\r\nBoth plant based and gluten free, this cake is as inclusive as it is beautiful, allowing guests to indulge without compromise. With its single elegant tier, it makes a striking yet refined centrepiece — a symbol of love, care, and timeless taste.", "name": "1-Layer Lilac & Gold", "category": 1, "is_gluten_free": true, "is_plant_based": true, "number_of_layers": 1, "price": "160.00"}}, {"model": "cakes.individualcake", "pk": 6, "fields": {"description": "The 1-Layer Vanilla Roses Cake is a graceful tribute to timeless romance. Its smooth vanilla buttercream, textured in soft, sweeping strokes, forms a delicate canvas for the exquisite floral arrangement. Clusters of sugar roses, daisies, and wild blooms in soft ivory tones are paired with muted foliage, creating an effortlessly natural and romantic look.\r\n\r\nWith its single, elegant tier, this cake makes an ideal choice for intimate weddings where understated beauty speaks louder than extravagance. The combination of classic flavour and floral artistry ensures every slice is as memorable as the moment it celebrates.", "name": "1-Layer Vanilla Roses", "category": 1, "is_gluten_free": false, "is_plant_based": false, "number_of_layers": 1, "price": "145.00"}}, {"model": "cakes.individualcake", "pk": 7, "fields": {"description": "The 2-Layer Lilac & Gold Cake offers an elevated take on a classic wedding showpiece. The lower tier is wrapped in an intricate gold lattice, each delicate link resting against a smooth ivory backdrop, while the upper tier remains elegantly simple, tied together by rich lilac satin ribbons.\r\n\r\nCrowning the cake is a cascade of handcrafted lilac sugar flowers, each bloom catching the light with subtle golden centres. This combination of regal purple and opulent gold makes for a design that is both sophisticated and memorable — perfect for couples seeking a centrepiece that blends tradition with luxury.\r\n\r\nFully plant based and gluten free, it caters beautifully to a wide range of guests without compromising on taste or style.", "name": "2-Layer Lilac & Gold", "category": 1, "is_gluten_free": true, "is_plant_based": true, "number_of_layers": 2, "price": "180.00"}}, {"model": "cakes.individualcake", "pk": 8, "fields": {"description": "The 2-Layer Magnolias Cake is a romantic celebration of soft elegance and natural beauty. Each tier is finished in smooth buttercream with gentle, textured strokes, allowing the artistry of the sugar flowers to take centre stage. Large blush-pink magnolias, paired with delicate white blooms and sprigs of greenery, cascade gracefully across the tiers, evoking a fresh, garden-inspired charm.\r\n\r\nThis design captures the serenity of springtime, making it a perfect choice for weddings where nature’s gentle beauty is part of the celebration. The pairing of classic vanilla tones with lifelike florals creates a centrepiece that is as memorable as it is beautiful.", "name": "2-Layer Magnolias", "category": 1, "is_gluten_free": false, "is_plant_based": false, "number_of_layers": 2, "price": "170.00"}}, {"model": "cakes.individualcake", "pk": 9, "fields": {"description": "The 2-Layer Summer Fayre Cake is a joyful celebration of vibrant colour and seasonal charm. Each tier is finished with a semi-naked buttercream style and crowned with a cascading white chocolate drip, adding a touch of indulgence to its rustic beauty.\r\n\r\nA stunning mix of blooms in deep crimson, soft blush, and delicate pinks is artfully arranged around the tiers, accented by sprigs of berries and tiny white blossoms. This lively arrangement evokes the abundance of a summer garden, making it the perfect centrepiece for weddings filled with warmth, colour, and cheer.", "name": "2-Layer Summer Fayre", "category": 1, "is_gluten_free": false, "is_plant_based": false, "number_of_layers": 2, "price": "170.00"}}, {"model": "cakes.individualcake", "pk": 10, "fields": {"description": "The 3-Layer Black & Gold Cake is a statement of pure sophistication and drama. Each tier is wrapped in a flawless black fondant canvas, intricately adorned with hand-painted gold lacework and floral detailing. Bold white sugar flowers, accented with gold leaves, provide a striking contrast that draws the eye to every tier.\r\n\r\nThis cake is the embodiment of luxury, making it a breathtaking centrepiece for couples seeking something unforgettable. Plant based and gluten free, it ensures indulgence for all while maintaining an air of grandeur that is second to none.", "name": "3-Layer Black & Gold", "category": 1, "is_gluten_free": true, "is_plant_based": true, "number_of_layers": 3, "price": "230.00"}}, {"model": "cakes.individualcake", "pk": 11, "fields": {"description": "The 3-Layer Buttered Pink Cake radiates soft romance with its gentle waves of smooth white buttercream, creating a graceful, flowing texture across each tier. Atop the cake and nestled between the layers, blush-pink sugar roses and delicate sprigs of greenery add a touch of floral charm, while smaller pink accents bring a sweet, whimsical note.\r\n\r\nIts timeless design makes it perfect for couples seeking a traditional yet elegant centrepiece. Gluten free for worry-free indulgence, this cake offers a delightful combination of beauty and inclusivity for the wedding table.", "name": "3-Layer Buttered Pink", "category": 1, "is_gluten_free": true, "is_plant_based": true, "number_of_layers": 3, "price": "230.00"}}, {"model": "cakes.individualcake", "pk": 12, "fields": {"description": "The 3-Layer Dark Fruits Cake is a bold and vibrant showstopper, perfect for couples who want their wedding centrepiece to turn heads. Each tier flows from deep plum to rich magenta in a striking ombré effect, with a textured buttercream finish adding depth and character.\r\n\r\nA lavish cascade of handcrafted sugar roses, berries, and blossoms in shades of purple, pink, and violet wraps around the cake, evoking the richness of a summer orchard in full bloom. Every detail bursts with colour and energy, making this a cake that celebrates love in its most passionate form.", "name": "3-Layer Dark Fruits", "category": 1, "is_gluten_free": false, "is_plant_based": false, "number_of_layers": 3, "price": "230.00"}}, {"model": "cakes.individualcake", "pk": 13, "fields": {"description": "The 3-Layer Lilac & Gold Cake is a regal masterpiece that commands attention. Each tier is adorned with intricate gold patterns, from ornate floral flourishes to delicate lattice detailing, all set against a pristine ivory backdrop. The base tier features rich lilac diamond motifs edged with gold, while a single, elegant lilac bloom crowns the top.\r\n\r\nWith its harmonious blend of royal purple and shimmering gold, this cake exudes timeless sophistication. Fully plant based and gluten free, it allows every guest to enjoy a slice of luxury without compromise.", "name": "3-Layer Lilac & Gold", "category": 1, "is_gluten_free": true, "is_plant_based": true, "number_of_layers": 3, "price": "210.00"}}, {"model": "cakes.individualcake", "pk": 14, "fields": {"description": "The 3-Layer Pride Cake bursts with joy, colour, and celebration. Draped in pristine white fondant with flowing ruffle detailing, each tier is brought to life by a vibrant cascade of sugar flowers in the full spectrum of the rainbow — from fiery reds and sunny yellows to cool blues and regal purples.\r\n\r\nThe bold design celebrates love in all its beautiful diversity, making it a powerful and uplifting wedding centrepiece. Plant based for inclusive indulgence, this cake combines artistry and meaning in every slice.", "name": "3-Layer Pride", "category": 1, "is_gluten_free": false, "is_plant_based": true, "number_of_layers": 3, "price": "190.00"}}, {"model": "cakes.individualcake", "pk": 15, "fields": {"description": "The 3-Layer Vanilla Chocolate Cake is a rich, indulgent creation designed for chocolate lovers. Each pristine white tier is crowned with a smooth cascade of dark chocolate ganache, dripping elegantly down the sides. Gold leaf accents and handcrafted white sugar roses add a luxurious touch, while scattered chocolate truffles and delicate blooms provide texture and charm.\r\n\r\nPerfect for couples who want to combine classic elegance with a decadent twist, this cake is a feast for both the eyes and the palate. Its striking balance of creamy vanilla and deep chocolate tones makes it an unforgettable centrepiece.", "name": "3-Layer Vanilla Chocolate", "category": 1, "is_gluten_free": false, "is_plant_based": false, "number_of_layers": 3, "price": "190.00"}}, {"model": "cakes.individualcake", "pk": 16, "fields": {"description": "The Buzz Lightyear Cake is a fun-filled treat that’s sure to take celebrations to infinity and beyond. A smooth white fondant base is decorated with colourful stars and a green band, evoking the playful spirit of the beloved space ranger.\r\n\r\nTopping the cake is a bold Buzz Lightyear figure, ready for action, making it a perfect choice for fans of the iconic hero. Fully plant based and gluten free, it ensures everyone can join in the fun without missing out on the flavour.", "name": "Buzz Lightyear", "category": 3, "is_gluten_free": true, "is_plant_based": true, "number_of_layers": 1, "price": "45.00"}}, {"model": "cakes.individualcake", "pk": 17, "fields": {"description": "The Hulk Cake smashes its way into any celebration with unstoppable energy. The base is a vivid green fondant tier, streaked with dark drips and surrounded by edible rubble to capture the chaos of Hulk’s arrival.\r\n\r\nEmerging from the top is an incredibly detailed 3D Hulk figure, muscles flexed and roaring in classic superhero style. Plant based and gluten free, this cake brings powerful flavour and inclusivity to the table — no one gets left behind in the celebration.", "name": "Hulk", "category": 3, "is_gluten_free": true, "is_plant_based": true, "number_of_layers": 1, "price": "45.00"}}, {"model": "cakes.individualcake", "pk": 18, "fields": {"description": "The Ironman Cake delivers high-tech hero flair to the party table. A deep red fondant base, accented with intricate gold piping, provides the perfect launchpad for a detailed 3D Ironman figure rising from the centre. The glowing arc reactor detail on his chest adds an extra spark of authenticity.\r\n\r\nBoth plant based and gluten free, this cake ensures every guest can enjoy a taste of superhero action. Ideal for Marvel fans and adventurous celebrations, it’s as bold in flavour as it is in design.", "name": "Ironman", "category": 3, "is_gluten_free": true, "is_plant_based": true, "number_of_layers": 1, "price": "45.00"}}, {"model": "cakes.individualcake", "pk": 19, "fields": {"description": "The Mario-Land Cake is a colourful adventure in edible form. A pastel blue fondant base sets the scene for a lively display of Mario-themed decorations — from cheerful flowers and iconic stars to classic game elements.\r\n\r\nTopping the cake are two 3D Mario figures holding balloon-like props, ready to bring the magic of the Mushroom Kingdom to life. Fully plant based and gluten free, this cake is perfect for gamers young and old, ensuring everyone can take part in the fun.", "name": "Mario-Land", "category": 3, "is_gluten_free": true, "is_plant_based": true, "number_of_layers": 1, "price": "45.00"}}, {"model": "cakes.individualcake", "pk": 20, "fields": {"description": "The Spiderman Cake swings straight into the spotlight with bold colours and dynamic detail. A smooth ivory fondant base is accented by a dramatic red drip and Spiderman’s iconic spider emblem. Around the base, edible stones set the urban scene.\r\n\r\nEmerging from the top is a striking 3D Spiderman figure in his signature red-and-blue suit, crouched and ready for action. Plant based and gluten free, it ensures everyone at the celebration can enjoy a slice of superhero excitement.", "name": "Spiderman", "category": 3, "is_gluten_free": true, "is_plant_based": true, "number_of_layers": 1, "price": "45.00"}}, {"model": "cakes.individualcake", "pk": 21, "fields": {"description": "The Superman Cake brings heroic grandeur to any celebration. A creamy white fondant base is topped with bold red and blue drips, accented with rocky textures and colourful edible accents.\r\n\r\nKneeling powerfully at the centre is a highly detailed 3D Superman figure, cape billowing and emblem shining — ready to save the day. Plant based for inclusive enjoyment, this cake captures the spirit of the Man of Steel in both design and flavour.", "name": "Superman", "category": 3, "is_gluten_free": true, "is_plant_based": true, "number_of_layers": 1, "price": "45.00"}}, {"model": "cakes.individualcake", "pk": 22, "fields": {"description": "The Wonder-Woman Cake radiates heroic charm and empowerment. Wrapped in bold red and blue fondant with golden accents, the base features Wonder Woman’s iconic emblem surrounded by shining stars.\r\n\r\nPerched on top is an adorable chibi-style Wonder Woman figure, complete with her tiara, bracelets, and confident smile — ready to inspire guests of all ages. Plant based and gluten free, it’s a celebration of courage, inclusivity, and deliciousness all in one.", "name": "Wonder Woman", "category": 3, "is_gluten_free": true, "is_plant_based": true, "number_of_layers": 1, "price": "45.00"}}, {"model": "cakes.individualcake", "pk": 23, "fields": {"description": "The Woody Cake captures the heart and charm of the beloved Toy Story sheriff. The base, in warm caramel tones with playful red piping, evokes a cheerful western theme that perfectly complements the character.\r\n\r\nOn top sits a detailed Woody figure, complete with cowboy hat, sheriff’s badge, and friendly wave — ready to bring a little “Howdy, partner!” to the celebration. Plant based and gluten free, it’s a cake that invites everyone to join the fun.", "name": "Woody", "category": 3, "is_gluten_free": true, "is_plant_based": true, "number_of_layers": 1, "price": "45.00"}}, {"model": "cakes.individualcake", "pk": 24, "fields": {"description": "The Batman Cake delivers dark, brooding elegance with a heroic edge. The base, in deep charcoal fondant, is accented with golden Gotham-inspired silhouettes and the iconic bat symbol.\r\n\r\nRising from the centre is a striking 3D Batman figure, sculpted with powerful detail and surrounded by a dramatic cape effect. Perfect for fans of the Dark Knight, this cake is a bold centrepiece that blends artistry and strength.", "name": "Batman", "category": 3, "is_gluten_free": true, "is_plant_based": true, "number_of_layers": 1, "price": "45.00"}}, {"model": "cakes.individualcake", "pk": 25, "fields": {"description": "The Confetti Cake is a joyful burst of colour and sweetness. A smooth pink-and-white buttercream base is topped with a generous swirl of icing, cascading in playful drips down the sides.\r\n\r\nA shower of rainbow sprinkles crowns the cake, adding crunch, colour, and pure party vibes. Plant based and gluten free, it’s a cheerful treat that everyone can enjoy — perfect for birthdays, milestones, or any moment worth celebrating.", "name": "Confetti", "category": 2, "is_gluten_free": true, "is_plant_based": true, "number_of_layers": 1, "price": "25.00"}}, {"model": "cakes.individualcake", "pk": 27, "fields": {"description": "The Fun-Fayre Cake is a carnival of colour and excitement. A smooth white icing base is decorated with playful drips, a cascade of rainbow sprinkles, and swirls of piped frosting topped with bright chocolate balls.\r\n\r\nThree whimsical cone-shaped toppers crown the cake, bringing a touch of fairground fun to the table. Plant based for wide enjoyment, this cake is a vibrant choice for birthdays, parties, and any celebration that calls for a little extra cheer.", "name": "Fun-Fayre", "category": 2, "is_gluten_free": true, "is_plant_based": true, "number_of_layers": 1, "price": "30.00"}}, {"model": "cakes.individualcake", "pk": 28, "fields": {"description": "The Blue-Ice Cake is a frosty vision of elegance, perfect for winter-themed celebrations. Soft blue buttercream wraps the cake, adorned with swirls of white and icy blue frosting. Edible pearls and delicate sugar decorations give the effect of shimmering snow and frost.\r\n\r\nIts cool colour palette and intricate piping make it a showstopper for birthdays, anniversaries, or any event that calls for a touch of frozen beauty. Gluten free for inclusive indulgence, it’s as beautiful as it is delicious.", "name": "Blue-Ice", "category": 2, "is_gluten_free": true, "is_plant_based": true, "number_of_layers": 1, "price": "35.00"}}, {"model": "cakes.individualcake", "pk": 29, "fields": {"description": "The Rainbow-Melt Cake is a joyful explosion of colour and fun. Wrapped in vibrant rainbow buttercream, it features bright orange and purple drips that cascade playfully down the sides. A crown of rainbow swirls, topped with a scattering of sprinkles, adds a festive finishing touch.\r\n\r\nPerfect for birthdays, pride events, or any celebration that calls for pure happiness, this cake is both plant based and gluten free — making sure everyone can enjoy the party.", "name": "Rainbow Melt", "category": 2, "is_gluten_free": true, "is_plant_based": true, "number_of_layers": 1, "price": "35.00"}}, {"model": "cakes.individualcake", "pk": 30, "fields": {"description": "The Pride-Swirl Cake is a vibrant celebration of colour and inclusivity. Smooth white fondant sets the stage for bold swirls of rainbow-coloured frosting that wrap around the cake like a joyful ribbon. The top is crowned with more rainbow swirls, sprinkled with a touch of sparkle.\r\n\r\nPerfect for pride events, birthdays, or any occasion that calls for a burst of happiness, this cake is plant based to ensure more guests can enjoy its beauty and flavour.", "name": "Pride Swirl", "category": 2, "is_gluten_free": true, "is_plant_based": false, "number_of_layers": 1, "price": "35.00"}}, {"model": "cakes.individualcake", "pk": 31, "fields": {"description": "The Floral Cake is a garden in full bloom, captured in sugar artistry. A pristine white fondant base provides the perfect backdrop for a cascade of vibrant, hand-crafted flowers in pinks, purples, blues, and yellows, each petal shaped with care. This cheerful and elegant design brings a burst of colour to any event, from birthdays to afternoon tea celebrations. Plant based and gluten free, it’s a treat that blends beauty, inclusivity, and flavour in every slice.", "name": "Wall Flowers", "category": 2, "is_gluten_free": true, "is_plant_based": true, "number_of_layers": 1, "price": "40.00"}}, {"model": "cakes.cakeimage", "pk": 1, "fields": {"cake": null, "image": "image/upload/v1754911432/just_cakes_images/elbmr8maxtixu9divu5h.jpg"}}, {"model": "cakes.cakeimage", "pk": 2, "fields": {"cake": null, "image": "image/upload/v1754911462/just_cakes_images/mqwj0xjjknnesr5yfz9c.jpg"}}, {"model": "cakes.cakeimage", "pk": 3, "fields": {"cake": 5, "image": "image/upload/v1754954475/just_cakes_images/fjgebkxq9zk5ogzpxm5q.jpg"}}, {"model": "cakes.cakeimage", "pk": 4, "fields": {"cake": 6, "image": "image/upload/v1754954495/just_cakes_images/fcymi0pwgoxnwtazpapx.jpg"}}, {"model": "cakes.cakeimage", "pk": 5, "fields": {"cake": 7, "image": "image/upload/v1754954529/just_cakes_images/mw8e4hfdnsimwcktjrri.jpg"}}, {"model": "cakes.cakeimage", "pk": 6, "fields": {"cake": 8, "image": "image/upload/v1754954538/just_cakes_images/u77ejhyzlyqihrxqqfvu.jpg"}}, {"model": "cakes.cakeimage", "pk": 7, "fields": {"cake": 9, "image": "image/upload/v1754954591/just_cakes_images/xh5rv0ft3zklhodl2wam.jpg"}}, {"model": "cakes.cakeimage", "pk": 8, "fields": {"cake": 10, "image": "image/upload/v1754954605/just_cakes_images/us1kzqcxmrmd7dynekl8.jpg"}}, {"model": "cakes.cakeimage", "pk": 9, "fields": {"cake": 11, "image": "image/upload/v1754954623/just_cakes_images/mmllqr3jffipfwrr41wt.jpg"}}, {"model": "cakes.cakeimage", "pk": 10, "fields": {"cake": 12, "image": "image/upload/v1754954636/just_cakes_images/xrm4vskzmypuhm0ugvzx.jpg"}}, {"model": "cakes.cakeimage", "pk": 11, "fields": {"cake": 13, "image": "image/upload/v1755021628/just_cakes_images/ukxh2fxchssb69tg33mu.jpg"}}, {"model": "cakes.cakeimage", "pk": 12, "fields": {"cake": 14, "image": "image/upload/v1755021645/just_cakes_images/viaiqqrf7iqpoyxcdhd6.jpg"}}, {"model": "cakes.cakeimage", "pk": 13, "fields": {"cake": 15, "image": "image/upload/v1755021658/just_cakes_images/bhv062a4n7pw5hosmdzl.jpg"}}, {"model": "cakes.cakeimage", "pk": 14, "fields": {"cake": 16, "image": "image/upload/v1755021710/just_cakes_images/asq0cpuerpogoi14ues0.jpg"}}, {"model": "cakes.cakeimage", "pk": 15, "fields": {"cake": 17, "image": "image/upload/v1755021763/just_cakes_images/rdx7ekvserx9qryq9nhc.jpg"}}, {"model": "cakes.cakeimage", "pk": 16, "fields": {"cake": 18, "image": "image/upload/v1755021776/just_cakes_images/mzdewqevllm9zzdeoywd.jpg"}}, {"model": "cakes.cakeimage", "pk": 17, "fields": {"cake": 19, "image": "image/upload/v1755021784/just_cakes_images/c0cnrh4lgnhws3nijkdy.jpg"}}, {"model": "cakes.cakeimage", "pk": 18, "fields": {"cake": 20, "image": "image/upload/v1755021799/just_cakes_images/xmyecumiwoim0kdqvgpa.jpg"}}, {"model": "cakes.cakeimage", "pk": 19, "fields": {"cake": 20, "image": "image/upload/v1755021800/just_cakes_images/rk5nmggrqm2tzkwchbyd.jpg"}}, {"model": "cakes.cakeimage", "pk": 20, "fields": {"cake": 21, "image": "image/upload/v1755021808/just_cakes_images/nlv1oyf5deu5ikf6ziu3.jpg"}}, {"model": "cakes.cakeimage", "pk": 21, "fields": {"cake": 22, "image": "image/upload/v1755021835/just_cakes_images/mmgwwchgqfoebcrketn7.jpg"}}, {"model": "cakes.cakeimage", "pk": 22, "fields": {"cake": 23, "image": "image/upload/v1755021856/just_cakes_images/qdhdzq4b5rszpglwfqyt.jpg"}}, {"model": "cakes.cakeimage", "pk": 23, "fields": {"cake": 24, "image": "image/upload/v1755022229/just_cakes_images/x44m9dzfnybc8rzlwxf1.jpg"}}, {"model": "cakes.cakeimage", "pk": 24, "fields": {"cake": 25, "image": "image/upload/v1755022328/just_cakes_images/ihf5djjvpxyyjwz5itez.jpg"}}, {"model": "cakes.cakeimage", "pk": 25, "fields": {"cake": 30, "image": "image/upload/v1755022400/just_cakes_images/s6bo3trafyuzizbbgc87.jpg"}}, {"model": "cakes.cakeimage", "pk": 26, "fields": {"cake": 29, "image": "image/upload/v1755022422/just_cakes_images/unprw6btodasawe2jv9m.jpg"}}, {"model": "cakes.cakeimage", "pk": 27, "fields": {"cake": 28, "image": "image/upload/v1755022437/just_cakes_images/wxgjdch2v0lfm4yz8g3z.jpg"}}, {"model": "cakes.cakeimage", "pk": 28, "fields": {"cake": 27, "image": "image/upload/v1755022469/just_cakes_images/hf9arc2jbjtuemggvkg4.jpg"}}, {"model": "cakes.cakeimage", "pk": 29, "fields": {"cake": 31, "image": "image/upload/v1755025676/just_cakes_images/mrx0zdjz9yjgrmyhd6dr.jpg"}}, {"model": "customer_accounts.customeraccount", "pk": 1, "fields": {"first_name": "", "last_name": "", "phone": "", "address_line_1": "", "address_line_2": "", "city": "", "county": "", "post_code": "", "birth_date": null, "gender": "N", "registration_date": "2025-08-10T13:52:41.808Z", "memorable_name": "", "memorable_date": null, "user": 1}}, {"model": "customer_accounts.customeraccount", "pk": 2, "fields": {"first_name": "", "last_name": "", "phone": "", "address_line_1": "", "address_line_2": "", "city": "", "county": "", "post_code": "", "birth_date": null, "gender": "N", "registration_date": "2025-08-12T19:09:58.440Z", "memorable_name": "", "memorable_date": null, "user": 2}}, {"model": "customer_accounts.customeraccount", "pk": 3, "fields": {"first_name": "", "last_name": "", "phone": "", "address_line_1": "", "address_line_2": "", "city": "", "county": "", "post_code": "", "birth_date": null, "gender": "N", "registration_date": "2025-08-12T19:19:53.673Z", "memorable_name": "", "memorable_date": null, "user": 3}}, {"model": "customer_accounts.customeraccount", "pk": 4, "fields": {"first_name": "", "last_name": "", "phone": "", "address_line_1": "", "address_line_2": "", "city": "", "county": "", "post_code": "", "birth_date": null, "gender": "N", "registration_date": "2025-08-12T19:23:41.441Z", "memorable_name": "", "memorable_date": null, "user": 4}}, {"model": "customer_accounts.customeraccount", "pk": 5, "fields": {"first_name": "", "last_name": "", "phone": "", "address_line_1": "", "address_line_2": "", "city": "", "county": "", "post_code": "", "birth_date": null, "gender": "N", "registration_date": "2025-08-12T19:26:33.690Z", "memorable_name": "", "memorable_date": null, "user": 5}}, {"model": "customer_accounts.customeraccount", "pk": 6, "fields": {"first_name": "", "last_name": "", "phone": "", "address_line_1": "", "address_line_2": "", "city": "", "county": "", "post_code": "", "birth_date": null, "gender": "N", "registration_date": "2025-08-12T19:30:25.615Z", "memorable_name": "", "memorable_date": null, "user": 6}}]